-- MySQL dump 10.13  Distrib 5.7.22, for Linux (x86_64)
--
-- Host: localhost    Database: cuisine
-- ------------------------------------------------------
-- Server version	5.7.22

/*!40101 SET @OLD_CHARACTER_SET_CLIENT=@@CHARACTER_SET_CLIENT */;
/*!40101 SET @OLD_CHARACTER_SET_RESULTS=@@CHARACTER_SET_RESULTS */;
/*!40101 SET @OLD_COLLATION_CONNECTION=@@COLLATION_CONNECTION */;
/*!40101 SET NAMES utf8 */;
/*!40103 SET @OLD_TIME_ZONE=@@TIME_ZONE */;
/*!40103 SET TIME_ZONE='+00:00' */;
/*!40014 SET @OLD_UNIQUE_CHECKS=@@UNIQUE_CHECKS, UNIQUE_CHECKS=0 */;
/*!40014 SET @OLD_FOREIGN_KEY_CHECKS=@@FOREIGN_KEY_CHECKS, FOREIGN_KEY_CHECKS=0 */;
/*!40101 SET @OLD_SQL_MODE=@@SQL_MODE, SQL_MODE='NO_AUTO_VALUE_ON_ZERO' */;
/*!40111 SET @OLD_SQL_NOTES=@@SQL_NOTES, SQL_NOTES=0 */;

--
-- Table structure for table `belonging`
--

DROP TABLE IF EXISTS `belonging`;
/*!40101 SET @saved_cs_client     = @@character_set_client */;
/*!40101 SET character_set_client = utf8 */;
CREATE TABLE `belonging` (
  `id` int(10) unsigned NOT NULL AUTO_INCREMENT,
  `gid` int(10) unsigned NOT NULL,
  `created_at` bigint(20) unsigned NOT NULL,
  `updated_at` bigint(20) unsigned NOT NULL,
  `deleted_at` bigint(20) unsigned DEFAULT NULL,
  PRIMARY KEY (`id`)
) ENGINE=InnoDB AUTO_INCREMENT=3 DEFAULT CHARSET=utf8;
/*!40101 SET character_set_client = @saved_cs_client */;

--
-- Dumping data for table `belonging`
--

LOCK TABLES `belonging` WRITE;
/*!40000 ALTER TABLE `belonging` DISABLE KEYS */;
INSERT INTO `belonging` VALUES (1,22,1538129734150,1538129734150,NULL),(2,24,1538129734152,1538129734152,NULL);
/*!40000 ALTER TABLE `belonging` ENABLE KEYS */;
UNLOCK TABLES;

--
-- Table structure for table `belonging_boundary_binding`
--

DROP TABLE IF EXISTS `belonging_boundary_binding`;
/*!40101 SET @saved_cs_client     = @@character_set_client */;
/*!40101 SET character_set_client = utf8 */;
CREATE TABLE `belonging_boundary_binding` (
  `id` int(10) unsigned NOT NULL AUTO_INCREMENT,
  `belonging_id` int(10) unsigned NOT NULL,
  `boundary_type` smallint(5) unsigned NOT NULL,
  `counterclockwise_points` varchar(256) NOT NULL,
  `first_point_offset_from_anchor_x` float NOT NULL,
  `first_point_offset_from_anchor_y` float NOT NULL,
  PRIMARY KEY (`id`)
) ENGINE=InnoDB AUTO_INCREMENT=4 DEFAULT CHARSET=utf8;
/*!40101 SET character_set_client = @saved_cs_client */;

--
-- Dumping data for table `belonging_boundary_binding`
--

LOCK TABLES `belonging_boundary_binding` WRITE;
/*!40000 ALTER TABLE `belonging_boundary_binding` DISABLE KEYS */;
INSERT INTO `belonging_boundary_binding` VALUES (1,1,0,'0,0 7.125,18.375 20.875,18.125 19,5.5 7.125,-0.125',5,-4),(2,1,2,'0,0 3.75,9.75 17.125,23.875 2.25,23.75 9.375,31.125 18.125,40.875 25.375,46.125 35.25,46.25 34.75,61.25 57.75,75.75 58.125,62.875 70.75,73.25 74.5,68.5 28.75,22.75 19.125,9.375 8.5,1.5',5,75),(3,2,0,'0,0 0.666667,66 66,64.6667 67,2.33333',16,64);
/*!40000 ALTER TABLE `belonging_boundary_binding` ENABLE KEYS */;
UNLOCK TABLES;

--
-- Table structure for table `cook`
--

DROP TABLE IF EXISTS `cook`;
/*!40101 SET @saved_cs_client     = @@character_set_client */;
/*!40101 SET character_set_client = utf8 */;
CREATE TABLE `cook` (
  `id` int(10) unsigned NOT NULL AUTO_INCREMENT,
  `display_name` varchar(32) NOT NULL,
  `num_food` smallint(5) unsigned NOT NULL DEFAULT '0',
  `gold_addition` smallint(5) unsigned NOT NULL DEFAULT '0',
  `energy_addition` smallint(5) unsigned NOT NULL DEFAULT '0',
  `working_time` bigint(20) unsigned NOT NULL DEFAULT '0',
  `max_gold_addition` smallint(5) unsigned NOT NULL DEFAULT '0',
  `max_energy_addition` smallint(5) unsigned NOT NULL DEFAULT '0',
  `max_working_time` bigint(20) unsigned NOT NULL DEFAULT '0',
  `cooperation` smallint(5) unsigned NOT NULL DEFAULT '0',
  `max_cooperation` smallint(5) unsigned NOT NULL DEFAULT '0',
  PRIMARY KEY (`id`)
) ENGINE=InnoDB AUTO_INCREMENT=61 DEFAULT CHARSET=utf8;
/*!40101 SET character_set_client = @saved_cs_client */;

--
-- Dumping data for table `cook`
--

LOCK TABLES `cook` WRITE;
/*!40000 ALTER TABLE `cook` DISABLE KEYS */;
INSERT INTO `cook` VALUES (1,'Cook1',0,12,14,10,250,251,252,0,100),(2,'Cook2',0,14,16,10,252,253,254,0,100),(3,'Cook3',0,16,18,10,254,255,256,0,100),(4,'Cook4',0,18,20,10,256,257,258,0,100),(5,'Cook5',1,20,22,10,258,259,260,0,100),(6,'Cook6',1,22,24,10,260,261,262,0,100),(7,'Cook7',1,24,26,10,262,263,264,0,100),(8,'Cook8',1,26,28,10,264,265,266,0,100),(9,'Cook9',1,28,30,10,266,267,268,0,100),(10,'Cook10',1,30,32,10,268,269,270,0,100),(11,'Cook11',1,32,34,10,270,271,272,0,100),(12,'Cook12',2,34,36,10,272,273,274,0,100),(13,'Cook13',2,36,38,10,274,275,276,0,100),(14,'Cook14',2,38,40,10,276,277,278,0,100),(15,'Cook15',2,40,42,10,278,279,280,0,100),(16,'Cook16',2,42,44,10,280,281,282,0,100),(17,'Cook17',2,44,46,10,282,283,284,0,100),(18,'Cook18',2,46,48,10,284,285,286,0,100),(19,'Cook19',2,48,50,10,286,287,288,0,100),(20,'Cook20',2,50,52,10,288,289,290,0,100),(21,'Cook21',3,52,54,10,290,291,292,0,100),(22,'Cook22',3,54,56,10,292,293,294,0,100),(23,'Cook23',3,56,58,10,294,295,296,0,100),(24,'Cook24',3,58,60,10,296,297,298,0,100),(25,'Cook25',3,60,62,10,298,299,300,0,100),(26,'Cook26',3,62,64,10,300,301,302,0,100),(27,'Cook27',3,64,66,10,302,303,304,0,100),(28,'Cook28',3,66,68,10,304,305,306,0,100),(29,'Cook29',3,68,70,10,306,307,308,0,100),(30,'Cook30',3,70,72,10,308,309,310,0,100),(31,'Cook31',3,72,74,10,310,311,312,0,100),(32,'Cook32',3,74,76,10,312,313,314,0,100),(33,'Cook33',3,76,78,10,314,315,316,0,100),(34,'Cook34',4,78,80,10,316,317,318,0,100),(35,'Cook35',4,80,82,10,318,319,320,0,100),(36,'Cook36',4,82,84,10,320,321,322,0,100),(37,'Cook37',4,84,86,10,322,323,324,0,100),(38,'Cook38',4,86,88,10,324,325,326,0,100),(39,'Cook39',4,88,90,10,326,327,328,0,100),(40,'Cook40',4,90,92,10,328,329,330,0,100),(41,'Cook41',4,92,94,10,330,331,332,0,100),(42,'Cook42',4,94,96,10,332,333,334,0,100),(43,'Cook43',4,96,98,10,334,335,336,0,100),(44,'Cook44',4,98,100,10,336,337,338,0,100),(45,'Cook45',4,100,102,10,338,339,340,0,100),(46,'Cook46',4,102,104,10,340,341,342,0,100),(47,'Cook47',4,104,106,10,342,343,344,0,100),(48,'Cook48',4,106,108,10,344,345,346,0,100),(49,'Cook49',4,108,110,10,346,347,348,0,100),(50,'Cook50',4,110,112,10,348,349,350,0,100),(51,'Cook51',4,112,114,10,350,351,352,0,100),(52,'Cook52',4,114,116,10,352,353,354,0,100),(53,'Cook53',4,116,118,10,354,355,356,0,100),(54,'Cook54',4,118,120,10,356,357,358,0,100),(55,'Cook55',4,120,122,10,358,359,360,0,100),(56,'Cook56',4,122,124,10,360,361,362,0,100),(57,'Cook57',4,124,126,10,362,363,364,0,100),(58,'Cook58',4,126,128,10,364,365,366,0,100),(59,'Cook59',4,128,130,10,366,367,368,0,100),(60,'Cook60',4,130,132,10,368,369,370,0,100);
/*!40000 ALTER TABLE `cook` ENABLE KEYS */;
UNLOCK TABLES;

--
-- Table structure for table `cook_food_binding`
--

DROP TABLE IF EXISTS `cook_food_binding`;
/*!40101 SET @saved_cs_client     = @@character_set_client */;
/*!40101 SET character_set_client = utf8 */;
CREATE TABLE `cook_food_binding` (
  `id` int(11) unsigned NOT NULL AUTO_INCREMENT,
  `cook_id` int(11) unsigned NOT NULL,
  `food_id` int(11) unsigned NOT NULL,
  `price_addition_currency` int(11) unsigned NOT NULL DEFAULT '2',
  `price_addition_value` float(7,4) unsigned NOT NULL,
  PRIMARY KEY (`id`)
) ENGINE=InnoDB AUTO_INCREMENT=60 DEFAULT CHARSET=utf8;
/*!40101 SET character_set_client = @saved_cs_client */;

--
-- Dumping data for table `cook_food_binding`
--

LOCK TABLES `cook_food_binding` WRITE;
/*!40000 ALTER TABLE `cook_food_binding` DISABLE KEYS */;
INSERT INTO `cook_food_binding` VALUES (1,1,1,20,20.0000),(2,2,2,20,20.0000),(3,3,3,20,20.0000),(4,4,4,20,20.0000),(5,5,5,20,20.0000),(6,6,6,20,20.0000),(7,7,7,20,20.0000),(8,8,8,20,20.0000),(9,9,9,20,20.0000),(10,10,10,20,20.0000),(11,11,11,20,20.0000),(12,12,12,20,20.0000),(13,13,13,20,20.0000),(14,14,14,20,20.0000),(15,15,15,20,20.0000),(16,16,16,20,20.0000),(17,17,17,20,20.0000),(18,18,18,20,20.0000),(19,19,19,20,20.0000),(20,20,20,20,20.0000),(21,21,21,20,20.0000),(22,22,22,20,20.0000),(23,23,23,20,20.0000),(24,24,24,20,20.0000),(25,25,25,20,20.0000),(26,26,26,20,20.0000),(27,27,27,20,20.0000),(28,28,28,20,20.0000),(29,29,29,20,20.0000),(30,30,30,20,20.0000),(31,31,31,20,20.0000),(32,32,32,20,20.0000),(33,33,33,20,20.0000),(34,34,34,20,20.0000),(35,35,35,20,20.0000),(36,36,36,20,20.0000),(37,37,37,20,20.0000),(38,38,38,20,20.0000),(39,39,39,20,20.0000),(40,40,40,20,20.0000),(41,41,41,20,20.0000),(42,42,42,20,20.0000),(43,43,43,20,20.0000),(44,44,44,20,20.0000),(45,45,45,20,20.0000),(46,46,46,20,20.0000),(47,47,47,20,20.0000),(48,48,48,20,20.0000),(49,49,49,20,20.0000),(50,50,50,20,20.0000),(51,51,51,20,20.0000),(52,52,52,20,20.0000),(53,53,53,20,20.0000),(54,54,54,20,20.0000),(55,55,55,20,20.0000),(56,56,56,20,20.0000),(57,57,57,20,20.0000),(58,58,58,20,20.0000),(59,59,59,20,20.0000);
/*!40000 ALTER TABLE `cook_food_binding` ENABLE KEYS */;
UNLOCK TABLES;

--
-- Table structure for table `cook_upgrade_data`
--

DROP TABLE IF EXISTS `cook_upgrade_data`;
/*!40101 SET @saved_cs_client     = @@character_set_client */;
/*!40101 SET character_set_client = utf8 */;
CREATE TABLE `cook_upgrade_data` (
  `id` int(11) unsigned NOT NULL AUTO_INCREMENT,
  `upgrade_duration` int(11) unsigned NOT NULL DEFAULT '0',
  `upgrade_cost_val` int(11) unsigned NOT NULL DEFAULT '0',
  `upgrade_cost_currency` int(11) unsigned NOT NULL DEFAULT '1',
  `add_gold_addition` smallint(6) unsigned NOT NULL,
  `add_energy_addition` smallint(6) unsigned NOT NULL,
  `add_working_time` bigint(20) unsigned NOT NULL,
  PRIMARY KEY (`id`)
) ENGINE=InnoDB AUTO_INCREMENT=21 DEFAULT CHARSET=utf8;
/*!40101 SET character_set_client = @saved_cs_client */;

--
-- Dumping data for table `cook_upgrade_data`
--

LOCK TABLES `cook_upgrade_data` WRITE;
/*!40000 ALTER TABLE `cook_upgrade_data` DISABLE KEYS */;
INSERT INTO `cook_upgrade_data` VALUES (1,9000000,2000,2,3,1,1),(2,9000000,3000,2,1,3,1),(3,9000000,4000,2,1,1,3),(4,9000000,5000,2,4,2,2),(5,9000000,6000,2,2,4,2),(6,9000000,7000,2,2,2,4),(7,9000000,8000,2,5,3,3),(8,9000000,9000,2,3,5,3),(9,9000000,10000,2,3,3,5),(10,9000000,11000,2,6,4,4),(11,9000000,12000,2,4,6,4),(12,9000000,13000,2,4,4,6),(13,9000000,14000,2,7,5,5),(14,9000000,15000,2,5,7,5),(15,9000000,16000,2,5,5,7),(16,9000000,17000,2,8,6,6),(17,9000000,200,1,20,20,20),(18,9000000,500,1,50,50,50),(19,9000000,800,1,80,80,80),(20,9000000,1000,1,1000,1000,1000);
/*!40000 ALTER TABLE `cook_upgrade_data` ENABLE KEYS */;
UNLOCK TABLES;

--
-- Table structure for table `food`
--

DROP TABLE IF EXISTS `food`;
/*!40101 SET @saved_cs_client     = @@character_set_client */;
/*!40101 SET character_set_client = utf8 */;
CREATE TABLE `food` (
  `id` int(11) unsigned NOT NULL AUTO_INCREMENT,
  `display_name` varchar(32) NOT NULL,
  `price` smallint(6) unsigned NOT NULL,
  `energy_output` smallint(6) unsigned NOT NULL,
  PRIMARY KEY (`id`)
) ENGINE=InnoDB AUTO_INCREMENT=121 DEFAULT CHARSET=utf8;
/*!40101 SET character_set_client = @saved_cs_client */;

--
-- Dumping data for table `food`
--

LOCK TABLES `food` WRITE;
/*!40000 ALTER TABLE `food` DISABLE KEYS */;
INSERT INTO `food` VALUES (1,'Food11',32,4),(2,'Food12',24,3),(3,'Food13',16,2),(4,'Food14',8,1),(5,'Food21',32,4),(6,'Food22',24,3),(7,'Food23',16,2),(8,'Food24',8,1),(9,'Food31',32,4),(10,'Food32',24,3),(11,'Food33',16,2),(12,'Food34',8,1),(13,'Food41',32,4),(14,'Food42',24,3),(15,'Food43',16,2),(16,'Food44',8,1),(17,'Food51',32,4),(18,'Food52',24,3),(19,'Food53',16,2),(20,'Food54',8,1),(21,'Food61',32,4),(22,'Food62',24,3),(23,'Food63',16,2),(24,'Food64',8,1),(25,'Food71',32,4),(26,'Food72',24,3),(27,'Food73',16,2),(28,'Food74',8,1),(29,'Food81',32,4),(30,'Food82',24,3),(31,'Food83',16,2),(32,'Food84',8,1),(33,'Food91',32,4),(34,'Food92',24,3),(35,'Food93',16,2),(36,'Food94',8,1),(37,'Food101',32,4),(38,'Food102',24,3),(39,'Food103',16,2),(40,'Food104',8,1),(41,'Food111',32,4),(42,'Food112',24,3),(43,'Food113',16,2),(44,'Food114',8,1),(45,'Food121',32,4),(46,'Food122',24,3),(47,'Food123',16,2),(48,'Food124',8,1),(49,'Food131',32,4),(50,'Food132',24,3),(51,'Food133',16,2),(52,'Food134',8,1),(53,'Food141',32,4),(54,'Food142',24,3),(55,'Food143',16,2),(56,'Food144',8,1),(57,'Food151',32,4),(58,'Food152',24,3),(59,'Food153',16,2),(60,'Food154',8,1),(61,'Food161',32,4),(62,'Food162',24,3),(63,'Food163',16,2),(64,'Food164',8,1),(65,'Food171',32,4),(66,'Food172',24,3),(67,'Food173',16,2),(68,'Food174',8,1),(69,'Food181',32,4),(70,'Food182',24,3),(71,'Food183',16,2),(72,'Food184',8,1),(73,'Food191',32,4),(74,'Food192',24,3),(75,'Food193',16,2),(76,'Food194',8,1),(77,'Food201',32,4),(78,'Food202',24,3),(79,'Food203',16,2),(80,'Food204',8,1),(81,'Food211',32,4),(82,'Food212',24,3),(83,'Food213',16,2),(84,'Food214',8,1),(85,'Food221',32,4),(86,'Food222',24,3),(87,'Food223',16,2),(88,'Food224',8,1),(89,'Food231',32,4),(90,'Food232',24,3),(91,'Food233',16,2),(92,'Food234',8,1),(93,'Food241',32,4),(94,'Food242',24,3),(95,'Food243',16,2),(96,'Food244',8,1),(97,'Food251',32,4),(98,'Food252',24,3),(99,'Food253',16,2),(100,'Food254',8,1),(101,'Food261',32,4),(102,'Food262',24,3),(103,'Food263',16,2),(104,'Food264',8,1),(105,'Food271',32,4),(106,'Food272',24,3),(107,'Food273',16,2),(108,'Food274',8,1),(109,'Food281',32,4),(110,'Food282',24,3),(111,'Food283',16,2),(112,'Food284',8,1),(113,'Food291',32,4),(114,'Food292',24,3),(115,'Food293',16,2),(116,'Food294',8,1),(117,'Food301',32,4),(118,'Food302',24,3),(119,'Food303',16,2),(120,'Food304',8,1);
/*!40000 ALTER TABLE `food` ENABLE KEYS */;
UNLOCK TABLES;

--
-- Table structure for table `player`
--

DROP TABLE IF EXISTS `player`;
/*!40101 SET @saved_cs_client     = @@character_set_client */;
/*!40101 SET character_set_client = utf8 */;
CREATE TABLE `player` (
  `id` int(10) unsigned NOT NULL AUTO_INCREMENT,
  `name` varchar(32) NOT NULL,
  `display_name` varchar(32) DEFAULT NULL,
  `created_at` bigint(20) unsigned NOT NULL,
  `updated_at` bigint(20) unsigned NOT NULL,
  `deleted_at` bigint(20) unsigned DEFAULT NULL,
  `tutorial_stage` smallint(5) unsigned NOT NULL DEFAULT '0',
  PRIMARY KEY (`id`)
) ENGINE=InnoDB AUTO_INCREMENT=43 DEFAULT CHARSET=utf8;
/*!40101 SET character_set_client = @saved_cs_client */;

--
-- Dumping data for table `player`
--

LOCK TABLES `player` WRITE;
/*!40000 ALTER TABLE `player` DISABLE KEYS */;
INSERT INTO `player` VALUES (8,'mdd',NULL,1536060918932,1536060918932,NULL,1),(9,'pdd',NULL,1536060918934,1536060918934,NULL,1),(10,'add',NULL,1536060918935,1536060918935,NULL,1),(11,'bdd',NULL,1536060918936,1536060918936,NULL,1),(12,'cdd',NULL,1536060918937,1536060918937,NULL,1),(13,'ddd',NULL,1536060918938,1536060918938,NULL,1),(14,'edd',NULL,1536060918939,1536060918939,NULL,1),(15,'bright1',NULL,1536547224114,1536547224114,NULL,1),(16,'bright2',NULL,1536547224116,1536547224116,NULL,1),(17,'bright3',NULL,1536547224117,1536547224117,NULL,1),(18,'bright4',NULL,1536547224119,1536547224119,NULL,0),(19,'bright5',NULL,1536547224121,1536547224121,NULL,0),(20,'bright6',NULL,1536547224122,1536547224122,NULL,0),(21,'bright7',NULL,1536547224124,1536547224124,NULL,0),(22,'bright8',NULL,1536547224124,1536547224124,NULL,0),(23,'bright9',NULL,1536547224126,1536547224126,NULL,0),(24,'bright10',NULL,1536547224127,1536547224127,NULL,0),(25,'doggy',NULL,1536718129191,1536718129191,NULL,1),(26,'doggy1',NULL,1536718307450,1536718307450,NULL,0),(27,'doggy2',NULL,1536718307452,1536718307452,NULL,0),(28,'doggy3',NULL,1536718307453,1536718307453,NULL,0),(29,'kk1',NULL,1536718307454,1536718307454,NULL,1),(30,'kk2',NULL,1536718307456,1536718307456,NULL,1),(31,'kk4',NULL,1536718307457,1536718307457,NULL,1),(32,'kk3',NULL,1536718307458,1536718307458,NULL,1),(33,'cf1',NULL,1537256403516,1537256403516,NULL,1),(34,'cf2',NULL,1537256403525,1537256403525,NULL,1),(35,'cf3',NULL,1537256403526,1537256403526,NULL,0),(36,'cf4',NULL,1537256403528,1537256403528,NULL,0),(37,'cf5',NULL,1537256403529,1537256403529,NULL,0),(38,'cf6',NULL,1537256403530,1537256403530,NULL,0),(39,'cf7',NULL,1537256403531,1537256403531,NULL,0),(40,'cf8',NULL,1537256403532,1537256403532,NULL,0),(41,'cf9',NULL,1537256403533,1537256403533,NULL,0),(42,'cf10',NULL,1537256403534,1537256403534,NULL,0);
/*!40000 ALTER TABLE `player` ENABLE KEYS */;
UNLOCK TABLES;

--
-- Table structure for table `player_auth_binding`
--

DROP TABLE IF EXISTS `player_auth_binding`;
/*!40101 SET @saved_cs_client     = @@character_set_client */;
/*!40101 SET character_set_client = utf8 */;
CREATE TABLE `player_auth_binding` (
  `channel` int(11) unsigned NOT NULL,
  `player_id` int(10) unsigned NOT NULL,
  `ext_auth_id` varchar(64) NOT NULL,
  `created_at` bigint(20) unsigned NOT NULL,
  `updated_at` bigint(20) unsigned NOT NULL,
  `deleted_at` bigint(20) unsigned DEFAULT NULL,
  PRIMARY KEY (`player_id`,`channel`)
) ENGINE=InnoDB DEFAULT CHARSET=utf8;
/*!40101 SET character_set_client = @saved_cs_client */;

--
-- Dumping data for table `player_auth_binding`
--

LOCK TABLES `player_auth_binding` WRITE;
/*!40000 ALTER TABLE `player_auth_binding` DISABLE KEYS */;
INSERT INTO `player_auth_binding` VALUES (0,8,'08619000000001',1536060918932,1536060918932,NULL),(0,9,'08619000000002',1536060918934,1536060918934,NULL),(0,10,'08619000000003',1536060918935,1536060918935,NULL),(0,11,'08619000000004',1536060918936,1536060918936,NULL),(0,12,'08619000000005',1536060918937,1536060918937,NULL),(0,13,'08619000000006',1536060918938,1536060918938,NULL),(0,14,'08619000000007',1536060918939,1536060918939,NULL),(0,15,'08619000000008',1536547224114,1536547224114,NULL),(0,16,'08619000000009',1536547224116,1536547224116,NULL),(0,17,'08619000000010',1536547224117,1536547224117,NULL),(0,18,'08619000000011',1536547224119,1536547224119,NULL),(0,19,'08619000000012',1536547224121,1536547224121,NULL),(0,20,'08619000000013',1536547224122,1536547224122,NULL),(0,21,'08619000000014',1536547224124,1536547224124,NULL),(0,22,'08619000000015',1536547224124,1536547224124,NULL),(0,23,'08619000000016',1536547224126,1536547224126,NULL),(0,24,'08619000000017',1536547224127,1536547224127,NULL),(0,25,'08619000000018',1536718129191,1536718129191,NULL),(0,26,'08619000000019',1536718307450,1536718307450,NULL),(0,27,'08619000000020',1536718307452,1536718307452,NULL),(0,28,'08619000000021',1536718307453,1536718307453,NULL),(0,29,'08619000000022',1536718307454,1536718307454,NULL),(0,30,'08619000000023',1536718307456,1536718307456,NULL),(0,31,'08619000000024',1536718307457,1536718307457,NULL),(0,32,'08619000000025',1536718307458,1536718307458,NULL),(0,33,'08619000000026',1537256403516,1537256403516,NULL),(0,34,'08619000000027',1537256403525,1537256403525,NULL),(0,35,'08619000000028',1537256403526,1537256403526,NULL),(0,36,'08619000000029',1537256403528,1537256403528,NULL),(0,37,'08619000000030',1537256403529,1537256403529,NULL),(0,38,'08619000000031',1537256403530,1537256403530,NULL),(0,39,'08619000000032',1537256403531,1537256403531,NULL),(0,40,'08619000000033',1537256403532,1537256403532,NULL),(0,41,'08619000000034',1537256403533,1537256403533,NULL),(0,42,'08619000000035',1537256403534,1537256403534,NULL);
/*!40000 ALTER TABLE `player_auth_binding` ENABLE KEYS */;
UNLOCK TABLES;

--
-- Table structure for table `player_belonging_binding`
--

DROP TABLE IF EXISTS `player_belonging_binding`;
/*!40101 SET @saved_cs_client     = @@character_set_client */;
/*!40101 SET character_set_client = utf8 */;
CREATE TABLE `player_belonging_binding` (
  `id` int(10) unsigned NOT NULL AUTO_INCREMENT,
  `belonging_id` int(10) unsigned NOT NULL,
  `restaurant_id` int(10) unsigned NOT NULL,
  `player_id` int(10) unsigned NOT NULL,
  `anchor_x` float NOT NULL,
  `anchor_y` float NOT NULL,
  `created_at` bigint(20) unsigned NOT NULL,
  `updated_at` bigint(20) unsigned NOT NULL,
  `deleted_at` bigint(20) unsigned DEFAULT NULL,
  PRIMARY KEY (`id`)
) ENGINE=InnoDB DEFAULT CHARSET=utf8;
/*!40101 SET character_set_client = @saved_cs_client */;

--
-- Dumping data for table `player_belonging_binding`
--

LOCK TABLES `player_belonging_binding` WRITE;
/*!40000 ALTER TABLE `player_belonging_binding` DISABLE KEYS */;
/*!40000 ALTER TABLE `player_belonging_binding` ENABLE KEYS */;
UNLOCK TABLES;

--
-- Table structure for table `player_cook_binding`
--

DROP TABLE IF EXISTS `player_cook_binding`;
/*!40101 SET @saved_cs_client     = @@character_set_client */;
/*!40101 SET character_set_client = utf8 */;
CREATE TABLE `player_cook_binding` (
  `id` int(11) unsigned NOT NULL AUTO_INCREMENT,
  `cook_id` int(11) unsigned NOT NULL,
  `player_id` int(11) unsigned NOT NULL,
  `state` smallint(5) unsigned NOT NULL DEFAULT '0',
  `get_or_upgrading_started_at` bigint(20) unsigned NOT NULL,
  `gold_addition` smallint(5) unsigned NOT NULL DEFAULT '0',
  `energy_addition` smallint(5) unsigned NOT NULL DEFAULT '0',
  `started_work_at` bigint(20) unsigned NOT NULL,
  `working_time` bigint(20) unsigned NOT NULL DEFAULT '0',
  `created_at` bigint(20) unsigned NOT NULL,
  `updated_at` bigint(20) unsigned NOT NULL,
  `deleted_at` bigint(20) unsigned DEFAULT NULL,
  PRIMARY KEY (`id`)
) ENGINE=InnoDB AUTO_INCREMENT=68 DEFAULT CHARSET=utf8;
/*!40101 SET character_set_client = @saved_cs_client */;

--
-- Dumping data for table `player_cook_binding`
--

LOCK TABLES `player_cook_binding` WRITE;
/*!40000 ALTER TABLE `player_cook_binding` DISABLE KEYS */;
INSERT INTO `player_cook_binding` VALUES (49,1,29,1,1537416032429,200,1600,1537416033002,50,1537416032429,1537416032429,NULL),(50,1,15,1,1537416083895,200,1600,1537416084001,50,1537416083895,1537416083895,NULL),(51,2,15,1,1537416554598,200,1600,1537416555003,50,1537416554598,1537416554598,NULL),(52,1,10,1,1537417593226,200,1600,1537417594002,50,1537417593226,1537417593226,NULL),(53,1,13,1,1537420332592,200,1600,1537420333002,50,1537420332592,1537420332592,NULL),(54,3,15,1,1537422751611,200,1600,1537422752002,50,1537422751611,1537422751611,NULL),(55,1,25,1,1537512822373,12,14,1537512823002,10,1537512822373,1537512822373,NULL),(56,2,25,1,1537514009636,14,16,1537514010005,10,1537514009636,1537514009636,NULL),(57,3,25,1,1537514310209,16,18,1537514311002,10,1537514310209,1537514310209,NULL),(58,2,10,1,1537954700184,14,16,1537954701003,10,1537954700184,1537954700184,NULL),(59,3,10,1,1537954724558,16,18,1537954725007,10,1537954724558,1537954724558,NULL),(60,2,13,1,1537956676185,14,16,1537956677004,10,1537956676185,1537956676185,NULL),(61,4,15,1,1538106972013,18,20,1538106973003,10,1538106972013,1538106972013,NULL),(62,5,15,1,1538134131598,20,22,1538134132004,10,1538134131598,1538134131598,NULL),(63,4,25,1,1538134135210,18,20,1538134136004,10,1538134135210,1538134135210,NULL),(64,5,25,1,1538134219509,20,22,1538134220008,10,1538134219509,1538134219509,NULL),(65,6,25,1,1538134238141,22,24,1538134239004,10,1538134238141,1538134238141,NULL),(66,2,29,1,1538186886253,14,16,1538186887008,10,1538186886253,1538186886253,NULL),(67,4,10,1,1538220536616,18,20,1538220537015,10,1538220536616,1538220536616,NULL);
/*!40000 ALTER TABLE `player_cook_binding` ENABLE KEYS */;
UNLOCK TABLES;

--
-- Table structure for table `player_login`
--

DROP TABLE IF EXISTS `player_login`;
/*!40101 SET @saved_cs_client     = @@character_set_client */;
/*!40101 SET character_set_client = utf8 */;
CREATE TABLE `player_login` (
  `id` int(10) unsigned NOT NULL AUTO_INCREMENT,
  `int_auth_token` varchar(64) NOT NULL,
  `player_id` int(11) unsigned NOT NULL,
  `display_name` varchar(32) DEFAULT NULL,
  `from_public_ip` varchar(32) DEFAULT NULL,
  `created_at` bigint(20) unsigned NOT NULL,
  `updated_at` bigint(20) unsigned NOT NULL,
  `deleted_at` bigint(20) unsigned DEFAULT NULL,
  PRIMARY KEY (`id`)
) ENGINE=InnoDB AUTO_INCREMENT=384 DEFAULT CHARSET=utf8;
/*!40101 SET character_set_client = @saved_cs_client */;

--
-- Dumping data for table `player_login`
--

LOCK TABLES `player_login` WRITE;
/*!40000 ALTER TABLE `player_login` DISABLE KEYS */;
INSERT INTO `player_login` VALUES (221,'f9280c681f422bd8fa12f00e76b5b285',10,NULL,'121.35.100.52',1537253610227,1537253610227,1538278200000),(222,'b4184013385f6b5e66450976602dc5ae',10,NULL,'121.35.100.52',1537253671799,1537253671799,1538278200000),(223,'06e38d9e1eaf33aada333b2d89bfea36',10,NULL,'183.14.31.154',1537253775806,1537253775806,1538278200000),(224,'34f797a9585cbf25e6bb70dbda6f28bb',10,NULL,'121.35.100.52',1537257081875,1537257081875,1538278200000),(225,'0b8f623155317f0a51b5c054308b2fa8',10,NULL,'121.35.100.52',1537257971916,1537257971916,1538278200000),(226,'fc62893c50515f66f97487e12ac62782',10,NULL,'121.35.100.52',1537259191945,1537259191945,1538278200000),(227,'89624ea22aef4b5dc6a2eda958938e6e',10,NULL,'121.35.100.52',1537259221013,1537259221013,1538278200000),(228,'2632b0d33db3f3571dd31d32a325ad32',11,NULL,'121.35.100.52',1537259230424,1537259230424,1538278200000),(229,'84a25b99fc4987562842f96b3fa88fee',11,NULL,'121.35.100.52',1537259261596,1537259261596,1538278200000),(230,'d1e2e2a8a15101605fcd5a2c4eb7cc05',10,NULL,'121.35.100.52',1537259270431,1537259270431,1538278200000),(231,'f164326b16ac615a0706a3530af1ace3',13,NULL,'121.35.100.52',1537259279665,1537259279665,1538278200000),(232,'045c311717f97066e6cf7ada7a730fae',12,NULL,'121.35.100.52',1537259322337,1537259322337,1538278200000),(233,'7e2433488657c6d8a59fc8fe12ef4b92',10,NULL,'121.35.100.52',1537259359718,1537259359718,1538278200000),(234,'321b599028ba18f413a99105696d0819',10,NULL,'121.35.100.52',1537259396167,1537259396167,1538278200000),(235,'97d18b5c4d1c46e9733aa5756a923e65',15,NULL,'121.35.100.52',1537267884922,1537267884922,1538278200000),(236,'a4aaa13481d4bf9cdeee847e74bba6e6',10,NULL,'121.35.100.52',1537268046219,1537268046219,1538278200000),(237,'b1ae796d4f7fb6eb03b2a02dac57eeb0',25,NULL,'121.35.100.52',1537268093814,1537268093814,1538278200000),(238,'6550c1325b55815f16216e90c6acf244',12,NULL,'121.35.100.52',1537268386044,1537268386044,1538278200000),(239,'527b619c348fd0bad4d484db441bdd12',17,NULL,'121.35.100.52',1537268428849,1537268428849,1538278200000),(240,'b84d3d84ecea41378889897b47302e58',9,NULL,'121.35.100.52',1537269021088,1537269021088,1538278200000),(241,'a53eae396d347bc51f5871668704f5df',30,NULL,'121.35.100.52',1537269517733,1537269517733,1538278200000),(242,'0e64d10bec667101bfd08f8a15e5f33b',31,NULL,'121.35.100.52',1537269620654,1537269620654,1538278200000),(243,'5819911674388ae73ce3003f058222e0',13,NULL,'121.35.100.52',1537270069683,1537270069683,1538278200000),(244,'d231bc98282fdb1b7048c2cc96ffbb2c',31,NULL,'121.35.100.52',1537270264615,1537270264615,1538278200000),(245,'d4e6cb32d1fd5b8a3ed43856dac3c90d',10,NULL,'121.35.100.52',1537270471524,1537270471524,1538278200000),(246,'a2d3ba7d5dc3cb0adbf1a11d981af88d',12,NULL,'121.35.100.52',1537270494719,1537270494719,1538278200000),(247,'892a8c806b6b265f75f8d9d15499d2f8',10,NULL,'121.35.100.52',1537270509439,1537270509439,1538278200000),(248,'aae1bbe768d31d7bf5a979ca352765b1',10,NULL,'121.35.100.52',1537271229295,1537271229295,1538278200000),(249,'83195aad71f2db437a3dede72b005b1b',33,NULL,'112.97.54.55',1537271344725,1537271344725,1538278200000),(250,'6a9f9e13736fee06acfb18fe71a7321a',11,NULL,'121.35.100.52',1537271823911,1537271823911,1538278200000),(251,'8d5e7bad4e4efdaa4d650c47fbedba8d',12,NULL,'112.97.50.16',1537272040993,1537272040993,1538278200000),(252,'46946f2b82d117e7df650d318ea83f5b',8,NULL,'223.73.197.238',1537279746503,1537279746503,1538278200000),(253,'152dcbac6a32872f148e15686b58e5e5',10,NULL,'223.73.197.238',1537280365166,1537280365166,1538278200000),(254,'31f0d5b1251d1faf013f1db79a622fa0',11,NULL,'112.96.67.203',1537281310247,1537281310247,1538278200000),(255,'e20f7ae555433c5cb1b6aff00e1e12fa',10,NULL,'121.35.100.52',1537341838728,1537341838728,1538278200000),(256,'0b86e8b3d5186402ed5ac242066baf89',32,NULL,'121.35.100.52',1537341886706,1537341886706,1538278200000),(257,'ea65ce879acdc7c3667cd14269b6245c',13,NULL,'121.35.100.52',1537342007225,1537342007225,1538278200000),(258,'50a87cebb4056f05f56295bed6bcb692',29,NULL,'121.35.100.52',1537342058223,1537342058223,1538278200000),(259,'df3ebea0302f0ffe87d4687721b1815c',10,NULL,'121.35.100.52',1537344040394,1537344040394,1538278200000),(260,'6a34f6ca987353625cd9f7402f3de61d',33,NULL,'112.97.57.41',1537356756846,1537356756846,1538278200000),(261,'073959ae85d2ca1e98751a08852466de',34,NULL,'112.97.226.181',1537405190321,1537405190321,1538278200000),(262,'f8cc03d0001314c08620a0c4746c65f4',34,NULL,'112.97.226.181',1537407278697,1537407278697,1538278200000),(263,'e41d847707859b0bd7da2028d4d2e8dc',33,NULL,'183.14.31.154',1537411575320,1537411575320,1538278200000),(264,'60b0237e6bbfebf258b8a41a8bb586c8',10,NULL,'121.35.100.209',1537414250694,1537414250694,1538278200000),(265,'dce98a8f2f999d412c2caf815a839dbf',15,NULL,'121.35.100.209',1537414874839,1537414874839,1538278200000),(266,'6523a83e40be7d744db3d9422735b2da',11,NULL,'121.35.100.209',1537415232873,1537415232873,1538278200000),(267,'98c23d4d2ad3bdf8dc6fe13e0bb4d53d',29,NULL,'121.35.100.209',1537415494463,1537415494463,1538278200000),(268,'43dbb59e9ee9ddb10537363029047857',30,NULL,'121.35.100.209',1537415574020,1537415574020,1538278200000),(269,'285e3719ca499203163fb246ea878e82',13,NULL,'121.35.100.209',1537415678239,1537415678239,1538278200000),(270,'2ae4084696810c9b8cc2db3072de46b0',30,NULL,'121.35.100.209',1537415749671,1537415749671,1538278200000),(271,'3e8f17bbaa265db1fdb4394230f1633f',29,NULL,'121.35.100.209',1537416016286,1537416016286,1538278200000),(272,'6deb8229de0efcb3ac64ad55bc33744f',10,NULL,'121.35.100.209',1537417507940,1537417507940,1538278200000),(273,'430bf7fc4a4186c2b3bca8a63f2720aa',13,NULL,'117.136.12.160',1537420290648,1537420290648,1538278200000),(274,'91cf22f27817a17234c9b35a155b5d21',14,NULL,'117.136.12.160',1537420392338,1537420392338,1538278200000),(275,'15b28af3cfed5773fef5afbb8778dc23',15,NULL,'121.35.100.209',1537422615202,1537422615202,1538278200000),(276,'291e4b332598e8fb18aa315f9b8cbe08',25,NULL,'121.35.100.209',1537424917954,1537424917954,1538278200000),(277,'372ed972f5850cc477c60b0c3f4c696c',10,NULL,'121.35.100.209',1537439167057,1537439167057,1538278200000),(278,'5febf1fab6ed8024a33aa3591d325797',10,NULL,'121.35.100.209',1537439234552,1537439234552,1538278200000),(279,'214d201f5d1026e42feb3407ccc29fa6',10,NULL,'121.35.100.209',1537439264451,1537439264451,1538278200000),(280,'eb81ddad9a03c921b0215de8dfeb4150',10,NULL,'121.35.100.209',1537439302055,1537439302055,1538278200000),(281,'eb2626aff848c668adaae56f0ee787bf',10,NULL,'121.35.100.209',1537440280522,1537440280522,1538278200000),(282,'f9441a2717d1f90e1aa5972f0d9fc697',10,NULL,'121.35.100.209',1537440444758,1537440444758,1538278200000),(283,'39abe9a3afe69ca0b444ee61ad63042e',10,NULL,'121.35.100.209',1537440455561,1537440455561,1538278200000),(284,'3ed3ec959662d240081954471b2ec7f4',10,NULL,'121.35.100.209',1537440545879,1537440545879,1538278200000),(285,'24c61bd5261ff8dc775c9b430e599388',10,NULL,'121.35.100.209',1537440551790,1537440551790,1538278200000),(286,'96a33f2b78775532dc874f255ea49b88',10,NULL,'121.35.100.209',1537440639761,1537440639761,1538278200000),(287,'2bc76b8b559095987837f3e23645c174',10,NULL,'121.35.100.209',1537440645151,1537440645151,1538278200000),(288,'40aa5c30dafc7b5bb7877694f800ec08',10,NULL,'121.35.100.209',1537440654152,1537440654152,1538278200000),(289,'1b2f2e819e3b439f9c0ad8d270b28fde',10,NULL,'121.35.100.209',1537440663454,1537440663454,1538278200000),(290,'88db1bd7b7aee9cb1dff86e2f9ceb3cb',10,NULL,'121.35.100.209',1537440761997,1537440761997,1538278200000),(291,'0020713eaa35b5e4eb385268075d6d67',10,NULL,'121.35.100.209',1537440784142,1537440784142,1538278200000),(292,'2731e117d45a2814ccdf39edad5b6e71',10,NULL,'121.35.100.209',1537441119586,1537441119586,1538278200000),(293,'bace2b237c19f4ccb4661b78c7c34bea',10,NULL,'121.35.100.209',1537441126672,1537441126672,1538278200000),(294,'796e587859f547f3c164de974383653b',10,NULL,'121.35.100.209',1537441143485,1537441143485,1538278200000),(295,'288ebbd606afabddb6a145a763362132',10,NULL,'121.35.100.209',1537441177336,1537441177336,1538278200000),(296,'fa4ec5ad46458dccfd47ef327983f090',10,NULL,'121.35.100.209',1537441187458,1537441187458,1538278200000),(297,'86ba2b83c239fd8c8d87499ef30cf8d1',10,NULL,'121.35.100.209',1537441338562,1537441338562,1538278200000),(298,'f5d01a65f9484878eafcd0fe54d8ab2d',10,NULL,'121.35.100.209',1537441570390,1537441570390,1538278200000),(299,'a02a2c1345476459a454998c90faea64',11,NULL,'121.35.100.209',1537441604003,1537441604003,1538278200000),(300,'c1809ea72e173a7922ec05d7c7ad7469',10,NULL,'121.35.100.209',1537441645861,1537441645861,1538278200000),(301,'132ee5e50058e9638e70707e5a6a852b',13,NULL,'121.35.100.209',1537441666424,1537441666424,1538278200000),(302,'20308a839038d861e9938f9f2ffca4d2',11,NULL,'121.35.100.209',1537441675471,1537441675471,1538278200000),(303,'1d862fe4749a0d5556c3f4d425f502bc',11,NULL,'121.35.100.209',1537441693994,1537441693994,1538278200000),(304,'5823137b84af4044775428979e36d0a3',10,NULL,'121.35.100.209',1537441742450,1537441742450,1538278200000),(305,'3344151d6c5740736d028a36eef0b4c9',10,NULL,'121.35.100.209',1537441829510,1537441829510,1538278200000),(306,'e82d28baa12692ca9420dece22b117e5',11,NULL,'121.35.100.209',1537499022980,1537499022980,1538278200000),(307,'e481afba216a878c477a0b2ef710d6f0',13,NULL,'121.35.100.209',1537499875482,1537499875482,1538278200000),(308,'b9eba4646c61d8f3a6b7e6afcd2c5993',13,NULL,'121.35.100.209',1537499984089,1537499984089,1538278200000),(309,'e2de191a388639eee490ecb02c16e392',13,NULL,'121.35.100.209',1537500007332,1537500007332,1538278200000),(310,'5ff8a203db5bc34176123bcc75ca9050',13,NULL,'121.35.100.209',1537500023008,1537500023008,1538278200000),(311,'98709a098ffa70f00cf3df1353f5b4fc',13,NULL,'121.35.100.209',1537500049218,1537500049218,1538278200000),(312,'d16268923d4a1fb538326dd710346e13',13,NULL,'121.35.100.209',1537500074417,1537500074417,1538278200000),(313,'89e00a3c5ef93925f30a032c70106203',10,NULL,'121.35.100.209',1537500455690,1537500455690,1538278200000),(314,'67ae925266f1368154fdfaca245fd238',10,NULL,'121.35.100.209',1537500474793,1537500474793,1538278200000),(315,'aa3e1f8fab73605cb5e5ec3f87c1d6d9',10,NULL,'121.35.100.209',1537500528131,1537500528131,1538278200000),(316,'acd48d1abc1723a2907adaaa6279e618',10,NULL,'121.35.100.209',1537500591671,1537500591671,1538278200000),(317,'88a1bca04e527a9606828b3eaf29c49e',10,NULL,'121.35.100.209',1537500595639,1537500595639,1538278200000),(318,'21f7a9805ecd60d0529d25abdad48fcd',10,NULL,'121.35.100.209',1537500806424,1537500806424,1538278200000),(319,'1de96bdea325a2836087fa833f4639de',10,NULL,'121.35.100.209',1537500817935,1537500817935,1538278200000),(320,'5f9531c9c7d3794800be1f9aa222dfed',10,NULL,'121.35.100.209',1537500893672,1537500893672,1538278200000),(321,'6fe7b2f0bbecced57eeb0a67835df7ad',10,NULL,'121.35.100.209',1537500909489,1537500909489,1538278200000),(322,'777f857946acdaf719d7031f1333fbca',10,NULL,'121.35.100.209',1537500969622,1537500969622,1538278200000),(323,'16d45863305af3ae4580780cf167f310',10,NULL,'121.35.100.209',1537500992493,1537500992493,1538278200000),(324,'9162d96f5200f5c35018bed946df83f5',10,NULL,'121.35.100.209',1537501042105,1537501042105,1538278200000),(325,'0e734899dfe8063f73e19a03ced0c968',10,NULL,'121.35.100.209',1537501050439,1537501050439,1538278200000),(326,'81a9f601bd4e5221d535bc79a03ec65f',10,NULL,'121.35.100.209',1537501105281,1537501105281,1538278200000),(327,'7ed84ef9caa1310f04baf27302ae0302',10,NULL,'121.35.100.209',1537501442590,1537501442590,1538278200000),(328,'556d299bb931153d99f83005dd146ba2',10,NULL,'121.35.100.209',1537501454674,1537501454674,1538278200000),(329,'e9030f356571ea38d800772c52ef3f38',10,NULL,'121.35.100.209',1537501602830,1537501602830,1538278200000),(330,'fa5903d8a6d43bd03f7d29b4137fe79a',10,NULL,'121.35.100.209',1537501606827,1537501606827,1538278200000),(331,'cc7a1168e5645d5a6d63837d89050534',10,NULL,'121.35.100.209',1537501681778,1537501681778,1538278200000),(332,'7f2ef0a8129109d4d18c861e9f6171f2',10,NULL,'121.35.100.209',1537501685911,1537501685911,1538278200000),(333,'09a91ff0e171a8279a0a8b2bfa5ce44d',13,NULL,'121.35.100.209',1537511761083,1537511761083,1538278200000),(334,'8f84f6d3b419f9795b44fedf39b2ec5b',25,NULL,'223.104.64.130',1537512589738,1537512589738,1538278200000),(335,'e3da1f7fffb29b2474275ac86d087ac3',25,NULL,'121.35.100.209',1537512750146,1537512750146,1538278200000),(336,'ac4f882e592f4070f531318e2b6501ae',10,NULL,'121.35.100.209',1537521598147,1537521598147,1538278200000),(337,'8a193b131ef985ecf1820565a231711b',15,NULL,'121.35.100.209',1537526140014,1537526140014,1538278200000),(338,'307d90252fdc77fd9874f12cebe38fdb',15,NULL,'113.92.155.32',1537539794696,1537539794696,1538278200000),(339,'a123e5d03ef693748527a2815ad80436',10,NULL,'121.35.100.24',1537850302964,1537850302964,1538278200000),(340,'cacfa5eff6c2f6fe6515315eb2f6f0a8',13,NULL,'223.104.1.147',1537850791957,1537850791957,1538278200000),(341,'77a484d2190946533c65a400081a0ffd',10,NULL,'112.97.57.102',1537850924506,1537850924506,1538278200000),(342,'683d115cb4ddfcf9334dc7196cdcf658',15,NULL,'117.136.39.90',1537854965326,1537854965326,1538278200000),(343,'b00de174f81755cb93f1236dcf4cebd9',10,NULL,'121.35.100.24',1537855901613,1537855901613,1538278200000),(344,'c81d2ef2aff91ca1c4a31f226b78e82d',13,NULL,'121.35.100.24',1537857742480,1537857742480,1538278200000),(345,'60b9c4858ad0c96e37862ab135a0cc20',10,NULL,'121.35.100.24',1537857788237,1537857788237,1538278200000),(346,'7fe819e3330b21958298f3b43875807e',10,NULL,'121.35.100.24',1537857806660,1537857806660,1538278200000),(347,'9617dd4ec5cf3adf9647b47e683a95ec',10,NULL,'121.35.100.24',1537859577126,1537859577126,1538278200000),(348,'3588da83297520b417178d99e51b5933',13,NULL,'121.35.100.24',1537874840815,1537874840815,1538278200000),(349,'55d3982e19562c58f7f4e6cad7e669a1',13,NULL,'121.35.100.24',1537874888748,1537874888748,1538278200000),(350,'7bf30218882f16d356089a4e7491f82f',13,NULL,'121.35.100.24',1537875039260,1537875039260,1538278200000),(351,'d949292ef88d61fc7fc6b8d1d879d4f4',13,NULL,'121.35.100.24',1537875269077,1537875269077,1538278200000),(352,'abb18da2080a9e1ebf0df75859a03074',15,NULL,'117.136.39.90',1537875576663,1537875576663,1538278200000),(353,'17b64c4277ecb44d403055a6f6218c78',13,NULL,'121.35.100.24',1537876277007,1537876277007,1538278200000),(354,'cb3862afdb1ff0249813836f2483dfee',10,NULL,'121.35.102.222',1537954562136,1537954562136,1538278200000),(355,'6fdc05bab9ab7872ed276a6d1889a764',13,NULL,'121.35.102.222',1537954802594,1537954802594,1538278200000),(356,'32f15067daef701f4ced09f734a9f8a6',13,NULL,'121.35.102.222',1537954837673,1537954837673,1538278200000),(357,'0ca26d49fcbc7e0564a6ddbc755a64b3',13,NULL,'121.35.102.222',1537955099277,1537955099277,1538278200000),(358,'5d7d0d525129f6494348f7e202dc87ea',13,NULL,'121.35.102.222',1537955945952,1537955945952,1538278200000),(359,'383fbffad1aff973f273a09a691b5d44',12,NULL,'121.35.102.222',1537956322102,1537956322102,1538278200000),(360,'574fa90b3346aaf3cffa3ec86fc888a6',13,NULL,'121.35.102.222',1537956588400,1537956588400,1538278200000),(361,'b8cf7cf77660cb8096a4c750f67bd32f',13,NULL,'121.35.102.222',1537959920086,1537959920086,1538278200000),(362,'5abb515a402892f18388cb60eb03fa0a',13,NULL,'121.35.102.222',1537962654823,1537962654823,1538278200000),(363,'ca4e2871205950fadf5384c67b2d6acd',15,NULL,'121.35.102.222',1538032285059,1538032285059,1538278200000),(364,'7b6a087245d4f6f6bc04af7ed299733f',10,NULL,'121.35.100.106',1538106525815,1538106525815,1538278200000),(365,'740db5c0151530cfd58f4e585c4b4575',15,NULL,'121.35.100.106',1538106704922,1538106704922,1538278200000),(366,'1c37a5457589f3c1cddbd03724fc3c8c',10,NULL,'121.35.100.106',1538121101996,1538121101996,1538278200000),(367,'2a6ebc4586f63c7328ae21ad9aa991e8',10,NULL,'121.35.100.106',1538121407758,1538121407758,1538278200000),(368,'11e790a64f03669b742dd4eb53bc7c9e',10,NULL,'121.35.100.106',1538126557643,1538126557643,1538278200000),(369,'61a8884bfb8de4cb55d87b2ec8093da9',13,NULL,'121.35.100.106',1538128409072,1538128409072,1538278200000),(370,'43d2fd1ff04081f929fe7b0ceec6c587',25,NULL,'117.136.79.105',1538128431262,1538128431262,1538278200000),(371,'fe2c347d18ca5be16aa5a1278f9adb06',10,NULL,'121.35.100.106',1538128648201,1538128648201,1538278200000),(372,'a23bbd5043e4895b2baa018b16ef6156',10,NULL,'121.35.100.106',1538133502668,1538133502668,1538278200000),(373,'63d1762cfa0a63427e0e7cbbfc2caed6',15,NULL,'121.35.100.106',1538133672020,1538133672020,1538278200000),(374,'f0f0abe106e8aab83a6bd2e04c3d8dcb',25,NULL,'121.35.100.106',1538133885559,1538133885559,1538278200000),(375,'eaea8ba59c0d84c2176ed41069f7705b',10,NULL,'112.97.51.137',1538136744301,1538136744301,1538278200000),(376,'5e36e3b0c0af50e59cfc56fdeacd444e',10,NULL,'112.97.51.137',1538136858838,1538136858838,1538278200000),(377,'a70e163836d5e395c602209e0969e2f1',29,NULL,'121.35.100.106',1538185288524,1538185288524,1538278200000),(378,'a586dfd0e527c0ab0d6976061971b66d',29,NULL,'121.35.100.106',1538185394895,1538185394895,1538278200000),(379,'753a943f198fae21aae5fc8c0e1453f0',29,NULL,'121.35.100.106',1538191750922,1538191750922,1538278200000),(380,'3d043977e36d9b428c6ce8f34695288d',10,NULL,'121.35.100.106',1538195785174,1538195785174,1538278200000),(381,'a2e3a8946246112dba7ed719ccbde58f',10,NULL,'112.97.226.105',1538205932221,1538205932221,1538278200000),(382,'8df91ba704d7b79243ebddb85161f52b',10,NULL,'121.35.100.106',1538220361589,1538220361589,1538278200000),(383,'b2064f46eb6892ac2ef5adeed5d559fa',10,NULL,'112.97.226.105',1538220478424,1538220478424,1538278200000);
/*!40000 ALTER TABLE `player_login` ENABLE KEYS */;
UNLOCK TABLES;

--
-- Table structure for table `player_restaurant_binding`
--

DROP TABLE IF EXISTS `player_restaurant_binding`;
/*!40101 SET @saved_cs_client     = @@character_set_client */;
/*!40101 SET character_set_client = utf8 */;
CREATE TABLE `player_restaurant_binding` (
  `id` int(11) unsigned NOT NULL AUTO_INCREMENT,
  `player_id` int(11) unsigned NOT NULL,
  `restaurant_id` int(11) unsigned NOT NULL,
  `current_level` int(11) unsigned NOT NULL,
  `state` smallint(3) unsigned NOT NULL DEFAULT '0' COMMENT 'Value 0 for IDLE, 1 for BUILDING_OR_UPGRADING, 2 for IDLE_DUE_TO_CANCELLATION_OF_BUILDING_OR_UPGRADING, 3 for IDLE_DUE_TO_COMPLETION_OF_BUILDING_OR_UPGRADING',
  `work_state` smallint(3) unsigned NOT NULL DEFAULT '0',
  `building_or_upgrading_started_at` bigint(20) unsigned DEFAULT NULL,
  `last_guest_gen_at` bigint(20) unsigned DEFAULT NULL,
  `created_at` bigint(20) unsigned NOT NULL,
  `updated_at` bigint(20) unsigned NOT NULL,
  `deleted_at` bigint(20) unsigned DEFAULT NULL,
  `cached_diamond` int(11) unsigned NOT NULL DEFAULT '0',
  `cached_gold` int(11) unsigned NOT NULL DEFAULT '0',
  `cached_energy` int(11) unsigned NOT NULL DEFAULT '0',
  PRIMARY KEY (`id`),
  UNIQUE KEY `idx_player_restaurant_binding_player_id_restaurant_id` (`player_id`,`restaurant_id`)
) ENGINE=InnoDB AUTO_INCREMENT=180 DEFAULT CHARSET=utf8;
/*!40101 SET character_set_client = @saved_cs_client */;

--
-- Dumping data for table `player_restaurant_binding`
--

LOCK TABLES `player_restaurant_binding` WRITE;
/*!40000 ALTER TABLE `player_restaurant_binding` DISABLE KEYS */;
INSERT INTO `player_restaurant_binding` VALUES (152,29,1,1,3,0,NULL,1537873250002,1537416028251,1538278738005,NULL,0,17401317,5800438),(153,15,1,2,3,0,NULL,1537438885030,1537416079310,1538278738009,NULL,0,6091306,2030346),(154,15,11,2,3,0,NULL,1537873274028,1537416533286,1538278738012,NULL,0,6053481,2017778),(155,15,14,1,3,0,NULL,NULL,1537416537405,1538278738045,NULL,0,4757082,576616),(156,15,15,1,3,0,NULL,NULL,1537416540310,1537416723196,NULL,0,0,0),(157,15,12,1,3,0,NULL,1537873279010,1537416696502,1538278738021,NULL,0,6054459,2018146),(158,15,13,1,3,0,NULL,NULL,1537416699143,1538278738041,NULL,0,4756785,576580),(159,10,1,4,3,0,NULL,1537875020005,1537417580961,1538278738015,NULL,0,3048125,1016038),(160,13,1,6,3,0,NULL,1537873299010,1537420309728,1538278738018,NULL,0,13575450,4525150),(161,14,1,2,3,0,NULL,NULL,1537420402038,1537461031701,NULL,0,64,8),(162,25,1,6,3,0,NULL,1537873329011,1537425609003,1538278738024,NULL,0,4779270,579350),(163,25,12,6,3,0,NULL,1537873379031,1537513952523,1538278738026,NULL,0,144620,28),(164,25,11,3,3,0,NULL,1537873384013,1537514267490,1538278738028,NULL,0,2450132,288278),(165,25,13,1,3,0,NULL,NULL,1537514366363,1538278738052,NULL,0,144553,4),(168,13,11,1,3,0,NULL,NULL,1537875323159,1537955164562,NULL,0,0,0),(169,13,12,4,3,0,NULL,NULL,1537875327365,1538278738036,NULL,0,150091,0),(170,13,14,0,0,0,1537875347715,NULL,1537875347715,1537875347715,NULL,0,0,0),(171,10,12,3,3,0,NULL,NULL,1537954687871,1538278738031,NULL,0,58301,28),(172,10,15,1,3,0,NULL,NULL,1537954695055,1537954703542,NULL,0,0,0),(173,10,14,1,3,0,NULL,NULL,1537954713073,1538278738034,NULL,0,149516,4),(174,12,12,4,3,0,NULL,NULL,1537956377144,1537956489724,NULL,0,0,0),(175,10,6,0,0,0,1538128337677,NULL,1538128337677,1538128337677,NULL,0,0,0),(176,25,15,2,3,0,NULL,NULL,1538134096696,1538278738048,NULL,0,144487,4),(177,25,14,1,3,0,NULL,NULL,1538134225617,1538278738056,NULL,0,144173,0),(178,29,12,3,3,0,NULL,NULL,1538186192010,1538278738058,NULL,0,87014,28),(179,10,11,6,3,0,NULL,NULL,1538205969620,1538278738064,NULL,0,989535,116434);
/*!40000 ALTER TABLE `player_restaurant_binding` ENABLE KEYS */;
UNLOCK TABLES;

--
-- Table structure for table `player_restaurant_cook_binding`
--

DROP TABLE IF EXISTS `player_restaurant_cook_binding`;
/*!40101 SET @saved_cs_client     = @@character_set_client */;
/*!40101 SET character_set_client = utf8 */;
CREATE TABLE `player_restaurant_cook_binding` (
  `id` int(11) unsigned NOT NULL AUTO_INCREMENT,
  `cook_id` int(11) unsigned NOT NULL,
  `player_id` int(11) unsigned NOT NULL,
  `restaurant_id` int(11) unsigned NOT NULL,
  `created_at` bigint(20) unsigned NOT NULL,
  `updated_at` bigint(20) unsigned NOT NULL,
  `deleted_at` bigint(20) unsigned DEFAULT NULL,
  PRIMARY KEY (`id`)
) ENGINE=InnoDB AUTO_INCREMENT=75 DEFAULT CHARSET=utf8;
/*!40101 SET character_set_client = @saved_cs_client */;

--
-- Dumping data for table `player_restaurant_cook_binding`
--

LOCK TABLES `player_restaurant_cook_binding` WRITE;
/*!40000 ALTER TABLE `player_restaurant_cook_binding` DISABLE KEYS */;
INSERT INTO `player_restaurant_cook_binding` VALUES (56,1,29,1,1537416032454,1537416032454,NULL),(57,1,15,1,1537416083933,1537416083933,NULL),(58,2,15,11,1537416554621,1537416554621,NULL),(59,1,10,1,1537417593238,1537417593238,NULL),(60,1,13,1,1537420332647,1537420332647,NULL),(61,3,15,12,1537422751633,1537422751633,NULL),(62,1,25,1,1537512822394,1537512822394,NULL),(63,2,25,12,1537514009666,1537514009666,NULL),(64,3,25,11,1537514310235,1537514310235,NULL),(65,2,10,12,1537954700215,1537954700215,NULL),(66,3,10,14,1537954724578,1537954724578,NULL),(67,2,13,12,1537956676208,1537956676208,NULL),(68,4,15,13,1538106972050,1538106972050,NULL),(69,5,15,14,1538134131644,1538134131644,NULL),(70,4,25,15,1538134135234,1538134135234,NULL),(71,5,25,13,1538134219533,1538134219533,NULL),(72,6,25,14,1538134238154,1538134238154,NULL),(73,2,29,12,1538186886270,1538186886270,NULL),(74,4,10,11,1538220536676,1538220536676,NULL);
/*!40000 ALTER TABLE `player_restaurant_cook_binding` ENABLE KEYS */;
UNLOCK TABLES;

--
-- Table structure for table `player_restaurant_food_binding`
--

DROP TABLE IF EXISTS `player_restaurant_food_binding`;
/*!40101 SET @saved_cs_client     = @@character_set_client */;
/*!40101 SET character_set_client = utf8 */;
CREATE TABLE `player_restaurant_food_binding` (
  `id` int(11) unsigned NOT NULL AUTO_INCREMENT,
  `food_id` int(11) unsigned NOT NULL,
  `player_id` int(11) unsigned NOT NULL,
  `restaurant_id` int(11) unsigned NOT NULL,
  `created_at` bigint(20) unsigned NOT NULL,
  `updated_at` bigint(20) unsigned NOT NULL,
  `deleted_at` bigint(20) unsigned DEFAULT NULL,
  PRIMARY KEY (`id`)
) ENGINE=InnoDB AUTO_INCREMENT=54 DEFAULT CHARSET=utf8;
/*!40101 SET character_set_client = @saved_cs_client */;

--
-- Dumping data for table `player_restaurant_food_binding`
--

LOCK TABLES `player_restaurant_food_binding` WRITE;
/*!40000 ALTER TABLE `player_restaurant_food_binding` DISABLE KEYS */;
INSERT INTO `player_restaurant_food_binding` VALUES (26,1,29,1,1537416028250,1537416028250,NULL),(27,1,15,1,1537416079309,1537416079309,NULL),(28,41,15,11,1537416533286,1537416533286,NULL),(29,53,15,14,1537416537404,1537416537404,NULL),(30,57,15,15,1537416540309,1537416540309,NULL),(31,45,15,12,1537416696501,1537416696501,NULL),(32,49,15,13,1537416699143,1537416699143,NULL),(33,1,10,1,1537417580960,1537417580960,NULL),(34,1,13,1,1537420309727,1537420309727,NULL),(35,1,14,1,1537420402037,1537420402037,NULL),(36,1,25,1,1537425609000,1537425609000,NULL),(37,121,25,12,1537513952522,1537513952522,NULL),(38,111,25,11,1537514267490,1537514267490,NULL),(39,131,25,13,1537514366362,1537514366362,NULL),(42,111,13,11,1537875323158,1537875323158,NULL),(43,121,13,12,1537875327364,1537875327364,NULL),(44,141,13,14,1537875347714,1537875347714,NULL),(45,121,10,12,1537954687870,1537954687870,NULL),(46,151,10,15,1537954695054,1537954695054,NULL),(47,141,10,14,1537954713072,1537954713072,NULL),(48,121,12,12,1537956377125,1537956377125,NULL),(49,61,10,6,1538128337676,1538128337676,NULL),(50,151,25,15,1538134096686,1538134096686,NULL),(51,141,25,14,1538134225616,1538134225616,NULL),(52,121,29,12,1538186191975,1538186191975,NULL),(53,111,10,11,1538205969588,1538205969588,NULL);
/*!40000 ALTER TABLE `player_restaurant_food_binding` ENABLE KEYS */;
UNLOCK TABLES;

--
-- Table structure for table `player_wallet`
--

DROP TABLE IF EXISTS `player_wallet`;
/*!40101 SET @saved_cs_client     = @@character_set_client */;
/*!40101 SET character_set_client = utf8 */;
CREATE TABLE `player_wallet` (
  `id` int(11) unsigned NOT NULL AUTO_INCREMENT,
  `diamond` int(11) unsigned NOT NULL DEFAULT '0',
  `gold` int(11) unsigned NOT NULL DEFAULT '9999999',
  `energy` int(11) unsigned NOT NULL DEFAULT '9999999',
  `created_at` bigint(20) unsigned NOT NULL,
  `updated_at` bigint(20) unsigned NOT NULL,
  `deleted_at` bigint(20) unsigned DEFAULT NULL,
  PRIMARY KEY (`id`)
) ENGINE=InnoDB AUTO_INCREMENT=43 DEFAULT CHARSET=latin1;
/*!40101 SET character_set_client = @saved_cs_client */;

--
-- Dumping data for table `player_wallet`
--

LOCK TABLES `player_wallet` WRITE;
/*!40000 ALTER TABLE `player_wallet` DISABLE KEYS */;
INSERT INTO `player_wallet` VALUES (8,0,36419999,36424099,1536060918932,1537279825222,NULL),(9,0,36255367,36257799,1536060918934,1537270247058,NULL),(10,0,48156026,38165081,1536060918935,1538220522892,NULL),(11,0,45707654,45708459,1536060918936,1537281420939,NULL),(12,0,116986799,116990999,1536060918937,1537956489724,NULL),(13,0,77146988,76741791,1536060918938,1538128470762,NULL),(14,0,9999699,9999899,1536060918939,1537420483937,NULL),(15,0,100386439,84049229,1536547224114,1538134598427,NULL),(16,0,9999999,9999999,1536547224116,1536924512573,NULL),(17,0,12274499,12277599,1536547224117,1537268478061,NULL),(18,0,9999999,9999999,1536547224119,1536547224119,NULL),(19,0,9999999,9999999,1536547224121,1536547224121,NULL),(20,0,9999999,9999999,1536547224122,1536547224122,NULL),(21,0,9999999,9999999,1536547224124,1536547224124,NULL),(22,0,9999999,9999999,1536547224124,1536547224124,NULL),(23,0,9999999,9999999,1536547224126,1536547224126,NULL),(24,0,9999999,9999999,1536547224127,1536547224127,NULL),(25,0,19149869,11076191,1536718129191,1538134620788,NULL),(26,0,9999999,9999999,1536718307450,1536718307450,NULL),(27,0,9999999,9999999,1536718307452,1536718307452,NULL),(28,0,9999999,9999999,1536718307453,1536718307453,NULL),(29,0,10008830,10001137,1536718307454,1538191844184,NULL),(30,0,9999899,9999899,1536718307456,1537153425984,NULL),(31,0,10000781,10000193,1536718307457,1537270002357,NULL),(32,0,9999999,9999899,1536718307458,1537341897605,NULL),(33,0,11177457,10392485,1537256403516,1537411638017,NULL),(34,0,10015403,10005667,1537256403525,1537407307109,NULL),(35,0,9999999,9999999,1537256403526,1537256403526,NULL),(36,0,9999999,9999999,1537256403528,1537256403528,NULL),(37,0,9999999,9999999,1537256403529,1537256403529,NULL),(38,0,9999999,9999999,1537256403530,1537256403530,NULL),(39,0,9999999,9999999,1537256403531,1537256403531,NULL),(40,0,9999999,9999999,1537256403532,1537256403532,NULL),(41,0,9999999,9999999,1537256403533,1537256403533,NULL),(42,0,9999999,9999999,1537256403534,1537256403534,NULL);
/*!40000 ALTER TABLE `player_wallet` ENABLE KEYS */;
UNLOCK TABLES;

--
-- Table structure for table `restaurant`
--

DROP TABLE IF EXISTS `restaurant`;
/*!40101 SET @saved_cs_client     = @@character_set_client */;
/*!40101 SET character_set_client = utf8 */;
CREATE TABLE `restaurant` (
  `id` int(11) unsigned NOT NULL AUTO_INCREMENT,
  `display_name` varchar(32) NOT NULL,
  `geomap_id` int(11) unsigned NOT NULL COMMENT 'One geomap usually contains multiple restaurants.',
  PRIMARY KEY (`id`)
) ENGINE=InnoDB AUTO_INCREMENT=31 DEFAULT CHARSET=utf8;
/*!40101 SET character_set_client = @saved_cs_client */;

--
-- Dumping data for table `restaurant`
--

LOCK TABLES `restaurant` WRITE;
/*!40000 ALTER TABLE `restaurant` DISABLE KEYS */;
INSERT INTO `restaurant` VALUES (1,'Restaurant1',1),(2,'Restaurant2',1),(3,'Restaurant3',1),(4,'Restaurant4',1),(5,'Restaurant5',1),(6,'Restaurant6',2),(7,'Restaurant7',2),(8,'Restaurant8',2),(9,'Restaurant9',2),(10,'Restaurant10',2),(11,'Restaurant11',3),(12,'Restaurant12',3),(13,'Restaurant13',3),(14,'Restaurant14',3),(15,'Restaurant15',3),(16,'Restaurant16',4),(17,'Restaurant17',4),(18,'Restaurant18',4),(19,'Restaurant19',4),(20,'Restaurant20',4),(21,'Restaurant21',5),(22,'Restaurant22',5),(23,'Restaurant23',5),(24,'Restaurant24',5),(25,'Restaurant25',5),(26,'Restaurant26',6),(27,'Restaurant27',6),(28,'Restaurant28',6),(29,'Restaurant29',6),(30,'Restaurant30',6);
/*!40000 ALTER TABLE `restaurant` ENABLE KEYS */;
UNLOCK TABLES;

--
-- Table structure for table `restaurant_food_binding`
--

DROP TABLE IF EXISTS `restaurant_food_binding`;
/*!40101 SET @saved_cs_client     = @@character_set_client */;
/*!40101 SET character_set_client = utf8 */;
CREATE TABLE `restaurant_food_binding` (
  `id` int(11) unsigned NOT NULL AUTO_INCREMENT,
  `restaurant_id` varchar(32) NOT NULL,
  `food_id` smallint(6) unsigned NOT NULL,
  `get_order` smallint(6) unsigned NOT NULL,
  `get_food_cost_value` int(11) unsigned NOT NULL DEFAULT '0',
  `get_food_cost_currency` int(11) unsigned NOT NULL DEFAULT '2',
  PRIMARY KEY (`id`)
) ENGINE=InnoDB AUTO_INCREMENT=121 DEFAULT CHARSET=utf8;
/*!40101 SET character_set_client = @saved_cs_client */;

--
-- Dumping data for table `restaurant_food_binding`
--

LOCK TABLES `restaurant_food_binding` WRITE;
/*!40000 ALTER TABLE `restaurant_food_binding` DISABLE KEYS */;
INSERT INTO `restaurant_food_binding` VALUES (1,'1',11,1,101,2),(2,'1',12,2,201,2),(3,'1',13,3,301,2),(4,'1',14,4,401,2),(5,'2',21,1,102,2),(6,'2',22,2,202,2),(7,'2',23,3,302,2),(8,'2',24,4,402,2),(9,'3',31,1,103,2),(10,'3',32,2,203,2),(11,'3',33,3,303,2),(12,'3',34,4,403,2),(13,'4',41,1,104,2),(14,'4',42,2,204,2),(15,'4',43,3,304,2),(16,'4',44,4,404,2),(17,'5',51,1,105,2),(18,'5',52,2,205,2),(19,'5',53,3,305,2),(20,'5',54,4,405,2),(21,'6',61,1,106,2),(22,'6',62,2,206,2),(23,'6',63,3,306,2),(24,'6',64,4,406,2),(25,'7',71,1,107,2),(26,'7',72,2,207,2),(27,'7',73,3,307,2),(28,'7',74,4,407,2),(29,'8',81,1,108,2),(30,'8',82,2,208,2),(31,'8',83,3,308,2),(32,'8',84,4,408,2),(33,'9',91,1,109,2),(34,'9',92,2,209,2),(35,'9',93,3,309,2),(36,'9',94,4,409,2),(37,'10',101,1,110,2),(38,'10',102,2,210,2),(39,'10',103,3,310,2),(40,'10',104,4,410,2),(41,'11',111,1,111,2),(42,'11',112,2,211,2),(43,'11',113,3,311,2),(44,'11',114,4,411,2),(45,'12',121,1,112,2),(46,'12',122,2,212,2),(47,'12',123,3,312,2),(48,'12',124,4,412,2),(49,'13',131,1,113,2),(50,'13',132,2,213,2),(51,'13',133,3,313,2),(52,'13',134,4,413,2),(53,'14',141,1,114,2),(54,'14',142,2,214,2),(55,'14',143,3,314,2),(56,'14',144,4,414,2),(57,'15',151,1,115,2),(58,'15',152,2,215,2),(59,'15',153,3,315,2),(60,'15',154,4,415,2),(61,'16',161,1,116,2),(62,'16',162,2,216,2),(63,'16',163,3,316,2),(64,'16',164,4,416,2),(65,'17',171,1,117,2),(66,'17',172,2,217,2),(67,'17',173,3,317,2),(68,'17',174,4,417,2),(69,'18',181,1,118,2),(70,'18',182,2,218,2),(71,'18',183,3,318,2),(72,'18',184,4,418,2),(73,'19',191,1,119,2),(74,'19',192,2,219,2),(75,'19',193,3,319,2),(76,'19',194,4,419,2),(77,'20',201,1,120,2),(78,'20',202,2,220,2),(79,'20',203,3,320,2),(80,'20',204,4,420,2),(81,'21',211,1,121,2),(82,'21',212,2,221,2),(83,'21',213,3,321,2),(84,'21',214,4,421,2),(85,'22',221,1,122,2),(86,'22',222,2,222,2),(87,'22',223,3,322,2),(88,'22',224,4,422,2),(89,'23',231,1,123,2),(90,'23',232,2,223,2),(91,'23',233,3,323,2),(92,'23',234,4,423,2),(93,'24',241,1,124,2),(94,'24',242,2,224,2),(95,'24',243,3,324,2),(96,'24',244,4,424,2),(97,'25',251,1,125,2),(98,'25',252,2,225,2),(99,'25',253,3,325,2),(100,'25',254,4,425,2),(101,'26',261,1,126,2),(102,'26',262,2,226,2),(103,'26',263,3,326,2),(104,'26',264,4,426,2),(105,'27',271,1,127,2),(106,'27',272,2,227,2),(107,'27',273,3,327,2),(108,'27',274,4,427,2),(109,'28',281,1,128,2),(110,'28',282,2,228,2),(111,'28',283,3,328,2),(112,'28',284,4,428,2),(113,'29',291,1,129,2),(114,'29',292,2,229,2),(115,'29',293,3,329,2),(116,'29',294,4,429,2),(117,'30',301,1,130,2),(118,'30',302,2,230,2),(119,'30',303,3,330,2),(120,'30',304,4,430,2);
/*!40000 ALTER TABLE `restaurant_food_binding` ENABLE KEYS */;
UNLOCK TABLES;

--
-- Table structure for table `restaurant_level_binding`
--

DROP TABLE IF EXISTS `restaurant_level_binding`;
/*!40101 SET @saved_cs_client     = @@character_set_client */;
/*!40101 SET character_set_client = utf8 */;
CREATE TABLE `restaurant_level_binding` (
  `id` int(11) unsigned NOT NULL AUTO_INCREMENT,
  `restaurant_id` int(11) unsigned NOT NULL,
  `level` int(11) unsigned NOT NULL DEFAULT '1',
  `building_or_upgrading_duration` int(11) unsigned NOT NULL DEFAULT '0',
  `building_or_upgrading_cost_val` int(11) unsigned NOT NULL DEFAULT '0',
  `building_or_upgrading_cost_currency` int(11) unsigned NOT NULL DEFAULT '1',
  `num_chairs` smallint(6) unsigned NOT NULL,
  `dining_duration` int(11) unsigned NOT NULL,
  `guest_single_trip_duration` int(11) unsigned NOT NULL,
  `tmx_path` varchar(32) NOT NULL,
  `service_charge` int(11) NOT NULL,
  `business_time` int(11) NOT NULL,
  PRIMARY KEY (`id`)
) ENGINE=InnoDB AUTO_INCREMENT=211 DEFAULT CHARSET=utf8;
/*!40101 SET character_set_client = @saved_cs_client */;

--
-- Dumping data for table `restaurant_level_binding`
--

LOCK TABLES `restaurant_level_binding` WRITE;
/*!40000 ALTER TABLE `restaurant_level_binding` DISABLE KEYS */;
INSERT INTO `restaurant_level_binding` VALUES (1,1,0,0,100,3,0,0,0,'',0,0),(2,1,1,1000,100,2,1,5000,10000,'',0,1800000),(3,1,2,2000,200,2,2,5000,10000,'',2,1800000),(4,1,3,3000,300,2,3,5000,10000,'',4,1800000),(5,1,4,4000,500,2,4,5000,10000,'',6,1800000),(6,1,5,5000,800,2,5,5000,10000,'',8,1800000),(7,1,6,6000,1300,2,6,5000,10000,'',10,1800000),(8,2,0,0,100,3,0,0,0,'',0,0),(9,2,1,1000,100,2,1,6000,12000,'',0,2000000),(10,2,2,2000,200,2,2,6000,12000,'',2,2000000),(11,2,3,3000,300,2,3,6000,12000,'',4,2000000),(12,2,4,4000,500,2,4,6000,12000,'',6,2000000),(13,2,5,5000,800,2,5,6000,12000,'',8,2000000),(14,2,6,6000,1300,2,6,6000,12000,'',10,2000000),(15,3,0,0,100,3,0,0,0,'',0,0),(16,3,1,1000,100,2,1,7000,14000,'',0,2200000),(17,3,2,2000,200,2,2,7000,14000,'',2,2200000),(18,3,3,3000,300,2,3,7000,14000,'',4,2200000),(19,3,4,4000,500,2,4,7000,14000,'',6,2200000),(20,3,5,5000,800,2,5,7000,14000,'',8,2200000),(21,3,6,6000,1300,2,6,7000,14000,'',10,2200000),(22,4,0,0,100,3,0,0,0,'',0,0),(23,4,1,1000,100,2,1,8000,16000,'',0,2400000),(24,4,2,2000,200,2,2,8000,16000,'',2,2400000),(25,4,3,3000,300,2,3,8000,16000,'',4,2400000),(26,4,4,4000,500,2,4,8000,16000,'',6,2400000),(27,4,5,5000,800,2,5,8000,16000,'',8,2400000),(28,4,6,6000,1300,2,6,8000,16000,'',10,2400000),(29,5,0,0,100,3,0,0,0,'',0,0),(30,5,1,1000,100,2,1,9000,18000,'',0,2600000),(31,5,2,2000,200,2,2,9000,18000,'',2,2600000),(32,5,3,3000,300,2,3,9000,18000,'',4,2600000),(33,5,4,4000,500,2,4,9000,18000,'',6,2600000),(34,5,5,5000,800,2,5,9000,18000,'',8,2600000),(35,5,6,6000,1300,2,6,9000,18000,'',10,2600000),(36,6,0,0,100,3,0,0,0,'',0,0),(37,6,1,1000,100,2,1,10000,20000,'',0,2800000),(38,6,2,2000,200,2,2,10000,20000,'',2,2800000),(39,6,3,3000,300,2,3,10000,20000,'',4,2800000),(40,6,4,4000,500,2,4,10000,20000,'',6,2800000),(41,6,5,5000,800,2,5,10000,20000,'',8,2800000),(42,6,6,6000,1300,2,6,10000,20000,'',10,2800000),(43,7,0,0,100,3,0,0,0,'',0,0),(44,7,1,1000,100,2,1,11000,22000,'',0,3000000),(45,7,2,2000,200,2,2,11000,22000,'',2,3000000),(46,7,3,3000,300,2,3,11000,22000,'',4,3000000),(47,7,4,4000,500,2,4,11000,22000,'',6,3000000),(48,7,5,5000,800,2,5,11000,22000,'',8,3000000),(49,7,6,6000,1300,2,6,11000,22000,'',10,3000000),(50,8,0,0,100,3,0,0,0,'',0,0),(51,8,1,1000,100,2,1,12000,24000,'',0,3200000),(52,8,2,2000,200,2,2,12000,24000,'',2,3200000),(53,8,3,3000,300,2,3,12000,24000,'',4,3200000),(54,8,4,4000,500,2,4,12000,24000,'',6,3200000),(55,8,5,5000,800,2,5,12000,24000,'',8,3200000),(56,8,6,6000,1300,2,6,12000,24000,'',10,3200000),(57,9,0,0,100,3,0,0,0,'',0,0),(58,9,1,1000,100,2,1,13000,26000,'',0,3400000),(59,9,2,2000,200,2,2,13000,26000,'',2,3400000),(60,9,3,3000,300,2,3,13000,26000,'',4,3400000),(61,9,4,4000,500,2,4,13000,26000,'',6,3400000),(62,9,5,5000,800,2,5,13000,26000,'',8,3400000),(63,9,6,6000,1300,2,6,13000,26000,'',10,3400000),(64,10,0,0,100,3,0,0,0,'',0,0),(65,10,1,1000,100,2,1,14000,28000,'',0,3600000),(66,10,2,2000,200,2,2,14000,28000,'',2,3600000),(67,10,3,3000,300,2,3,14000,28000,'',4,3600000),(68,10,4,4000,500,2,4,14000,28000,'',6,3600000),(69,10,5,5000,800,2,5,14000,28000,'',8,3600000),(70,10,6,6000,1300,2,6,14000,28000,'',10,3600000),(71,11,0,0,100,3,0,0,0,'',0,0),(72,11,1,1000,100,2,1,15000,30000,'',0,3800000),(73,11,2,2000,200,2,2,15000,30000,'',2,3800000),(74,11,3,3000,300,2,3,15000,30000,'',4,3800000),(75,11,4,4000,500,2,4,15000,30000,'',6,3800000),(76,11,5,5000,800,2,5,15000,30000,'',8,3800000),(77,11,6,6000,1300,2,6,15000,30000,'',10,3800000),(78,12,0,0,100,3,0,0,0,'',0,0),(79,12,1,1000,100,2,1,16000,32000,'',0,4000000),(80,12,2,2000,200,2,2,16000,32000,'',2,4000000),(81,12,3,3000,300,2,3,16000,32000,'',4,4000000),(82,12,4,4000,500,2,4,16000,32000,'',6,4000000),(83,12,5,5000,800,2,5,16000,32000,'',8,4000000),(84,12,6,6000,1300,2,6,16000,32000,'',10,4000000),(85,13,0,0,100,3,0,0,0,'',0,0),(86,13,1,1000,100,2,1,17000,34000,'',0,4200000),(87,13,2,2000,200,2,2,17000,34000,'',2,4200000),(88,13,3,3000,300,2,3,17000,34000,'',4,4200000),(89,13,4,4000,500,2,4,17000,34000,'',6,4200000),(90,13,5,5000,800,2,5,17000,34000,'',8,4200000),(91,13,6,6000,1300,2,6,17000,34000,'',10,4200000),(92,14,0,0,100,3,0,0,0,'',0,0),(93,14,1,1000,100,2,1,18000,36000,'',0,4400000),(94,14,2,2000,200,2,2,18000,36000,'',2,4400000),(95,14,3,3000,300,2,3,18000,36000,'',4,4400000),(96,14,4,4000,500,2,4,18000,36000,'',6,4400000),(97,14,5,5000,800,2,5,18000,36000,'',8,4400000),(98,14,6,6000,1300,2,6,18000,36000,'',10,4400000),(99,15,0,0,100,3,0,0,0,'',0,0),(100,15,1,1000,100,2,1,19000,38000,'',0,4600000),(101,15,2,2000,200,2,2,19000,38000,'',2,4600000),(102,15,3,3000,300,2,3,19000,38000,'',4,4600000),(103,15,4,4000,500,2,4,19000,38000,'',6,4600000),(104,15,5,5000,800,2,5,19000,38000,'',8,4600000),(105,15,6,6000,1300,2,6,19000,38000,'',10,4600000),(106,16,0,0,100,3,0,0,0,'',0,0),(107,16,1,1000,100,2,1,20000,40000,'',0,4800000),(108,16,2,2000,200,2,2,20000,40000,'',2,4800000),(109,16,3,3000,300,2,3,20000,40000,'',4,4800000),(110,16,4,4000,500,2,4,20000,40000,'',6,4800000),(111,16,5,5000,800,2,5,20000,40000,'',8,4800000),(112,16,6,6000,1300,2,6,20000,40000,'',10,4800000),(113,17,0,0,100,3,0,0,0,'',0,0),(114,17,1,1000,100,2,1,21000,42000,'',0,5000000),(115,17,2,2000,200,2,2,21000,42000,'',2,5000000),(116,17,3,3000,300,2,3,21000,42000,'',4,5000000),(117,17,4,4000,500,2,4,21000,42000,'',6,5000000),(118,17,5,5000,800,2,5,21000,42000,'',8,5000000),(119,17,6,6000,1300,2,6,21000,42000,'',10,5000000),(120,18,0,0,100,3,0,0,0,'',0,0),(121,18,1,1000,100,2,1,22000,44000,'',0,5200000),(122,18,2,2000,200,2,2,22000,44000,'',2,5200000),(123,18,3,3000,300,2,3,22000,44000,'',4,5200000),(124,18,4,4000,500,2,4,22000,44000,'',6,5200000),(125,18,5,5000,800,2,5,22000,44000,'',8,5200000),(126,18,6,6000,1300,2,6,22000,44000,'',10,5200000),(127,19,0,0,100,3,0,0,0,'',0,0),(128,19,1,1000,100,2,1,23000,46000,'',0,5400000),(129,19,2,2000,200,2,2,23000,46000,'',2,5400000),(130,19,3,3000,300,2,3,23000,46000,'',4,5400000),(131,19,4,4000,500,2,4,23000,46000,'',6,5400000),(132,19,5,5000,800,2,5,23000,46000,'',8,5400000),(133,19,6,6000,1300,2,6,23000,46000,'',10,5400000),(134,20,0,0,100,3,0,0,0,'',0,0),(135,20,1,1000,100,2,1,24000,48000,'',0,5600000),(136,20,2,2000,200,2,2,24000,48000,'',2,5600000),(137,20,3,3000,300,2,3,24000,48000,'',4,5600000),(138,20,4,4000,500,2,4,24000,48000,'',6,5600000),(139,20,5,5000,800,2,5,24000,48000,'',8,5600000),(140,20,6,6000,1300,2,6,24000,48000,'',10,5600000),(141,21,0,0,100,3,0,0,0,'',0,0),(142,21,1,1000,100,2,1,25000,50000,'',0,5800000),(143,21,2,2000,200,2,2,25000,50000,'',2,5800000),(144,21,3,3000,300,2,3,25000,50000,'',4,5800000),(145,21,4,4000,500,2,4,25000,50000,'',6,5800000),(146,21,5,5000,800,2,5,25000,50000,'',8,5800000),(147,21,6,6000,1300,2,6,25000,50000,'',10,5800000),(148,22,0,0,100,3,0,0,0,'',0,0),(149,22,1,1000,100,2,1,26000,52000,'',0,6000000),(150,22,2,2000,200,2,2,26000,52000,'',2,6000000),(151,22,3,3000,300,2,3,26000,52000,'',4,6000000),(152,22,4,4000,500,2,4,26000,52000,'',6,6000000),(153,22,5,5000,800,2,5,26000,52000,'',8,6000000),(154,22,6,6000,1300,2,6,26000,52000,'',10,6000000),(155,23,0,0,100,3,0,0,0,'',0,0),(156,23,1,1000,100,2,1,27000,54000,'',0,6200000),(157,23,2,2000,200,2,2,27000,54000,'',2,6200000),(158,23,3,3000,300,2,3,27000,54000,'',4,6200000),(159,23,4,4000,500,2,4,27000,54000,'',6,6200000),(160,23,5,5000,800,2,5,27000,54000,'',8,6200000),(161,23,6,6000,1300,2,6,27000,54000,'',10,6200000),(162,24,0,0,100,3,0,0,0,'',0,0),(163,24,1,1000,100,2,1,28000,56000,'',0,6400000),(164,24,2,2000,200,2,2,28000,56000,'',2,6400000),(165,24,3,3000,300,2,3,28000,56000,'',4,6400000),(166,24,4,4000,500,2,4,28000,56000,'',6,6400000),(167,24,5,5000,800,2,5,28000,56000,'',8,6400000),(168,24,6,6000,1300,2,6,28000,56000,'',10,6400000),(169,25,0,0,100,3,0,0,0,'',0,0),(170,25,1,1000,100,2,1,29000,58000,'',0,6600000),(171,25,2,2000,200,2,2,29000,58000,'',2,6600000),(172,25,3,3000,300,2,3,29000,58000,'',4,6600000),(173,25,4,4000,500,2,4,29000,58000,'',6,6600000),(174,25,5,5000,800,2,5,29000,58000,'',8,6600000),(175,25,6,6000,1300,2,6,29000,58000,'',10,6600000),(176,26,0,0,100,3,0,0,0,'',0,0),(177,26,1,1000,100,2,1,30000,60000,'',0,6800000),(178,26,2,2000,200,2,2,30000,60000,'',2,6800000),(179,26,3,3000,300,2,3,30000,60000,'',4,6800000),(180,26,4,4000,500,2,4,30000,60000,'',6,6800000),(181,26,5,5000,800,2,5,30000,60000,'',8,6800000),(182,26,6,6000,1300,2,6,30000,60000,'',10,6800000),(183,27,0,0,100,3,0,0,0,'',0,0),(184,27,1,1000,100,2,1,31000,62000,'',0,7000000),(185,27,2,2000,200,2,2,31000,62000,'',2,7000000),(186,27,3,3000,300,2,3,31000,62000,'',4,7000000),(187,27,4,4000,500,2,4,31000,62000,'',6,7000000),(188,27,5,5000,800,2,5,31000,62000,'',8,7000000),(189,27,6,6000,1300,2,6,31000,62000,'',10,7000000),(190,28,0,0,100,3,0,0,0,'',0,0),(191,28,1,1000,100,2,1,32000,64000,'',0,7200000),(192,28,2,2000,200,2,2,32000,64000,'',2,7200000),(193,28,3,3000,300,2,3,32000,64000,'',4,7200000),(194,28,4,4000,500,2,4,32000,64000,'',6,7200000),(195,28,5,5000,800,2,5,32000,64000,'',8,7200000),(196,28,6,6000,1300,2,6,32000,64000,'',10,7200000),(197,29,0,0,100,3,0,0,0,'',0,0),(198,29,1,1000,100,2,1,33000,66000,'',0,7400000),(199,29,2,2000,200,2,2,33000,66000,'',2,7400000),(200,29,3,3000,300,2,3,33000,66000,'',4,7400000),(201,29,4,4000,500,2,4,33000,66000,'',6,7400000),(202,29,5,5000,800,2,5,33000,66000,'',8,7400000),(203,29,6,6000,1300,2,6,33000,66000,'',10,7400000),(204,30,0,0,100,3,0,0,0,'',0,0),(205,30,1,1000,100,2,1,34000,68000,'',0,7600000),(206,30,2,2000,200,2,2,34000,68000,'',2,7600000),(207,30,3,3000,300,2,3,34000,68000,'',4,7600000),(208,30,4,4000,500,2,4,34000,68000,'',6,7600000),(209,30,5,5000,800,2,5,34000,68000,'',8,7600000),(210,30,6,6000,1300,2,6,34000,68000,'',10,7600000);
/*!40000 ALTER TABLE `restaurant_level_binding` ENABLE KEYS */;
UNLOCK TABLES;
/*!40103 SET TIME_ZONE=@OLD_TIME_ZONE */;

/*!40101 SET SQL_MODE=@OLD_SQL_MODE */;
/*!40014 SET FOREIGN_KEY_CHECKS=@OLD_FOREIGN_KEY_CHECKS */;
/*!40014 SET UNIQUE_CHECKS=@OLD_UNIQUE_CHECKS */;
/*!40101 SET CHARACTER_SET_CLIENT=@OLD_CHARACTER_SET_CLIENT */;
/*!40101 SET CHARACTER_SET_RESULTS=@OLD_CHARACTER_SET_RESULTS */;
/*!40101 SET COLLATION_CONNECTION=@OLD_COLLATION_CONNECTION */;
/*!40111 SET SQL_NOTES=@OLD_SQL_NOTES */;

-- Dump completed on 2018-09-30 11:38:58
